daisy_broad;daisy;1;0;0.345;0.00345;;;;;;;;;;;;;;;223.2;;;224.8;;;226.9;;;229.2;;;231.5;;233.6;;;235.2;;;236.0;;;236.0;;;235.1;;;233.4;;;230.8;;;227.5;;;223.6;;;219.4;;215.0;;;210.6;;;206.4;;;202.5;;;198.8;;;195.4;;;192.1;;;188.6;;;184.9;;;181.0;;176.9;;;172.8;;;168.8;;;165.1;;;162.1;
daisy_broad;owner;4;0.685;1.09;0.004050000000000001;166.9;;167.6;;168.3;;;169.1;;169.9;;;170.9;;171.9;;;172.9;;173.8;;;174.6;;175.1;;;175.3;;175.2;;;174.7;;173.7;;;172.3;;170.4;;168.2;;;165.7;;162.9;;;160.1;;157.3;;;154.6;;152.2;;;150.2;;148.5;;;147.1;;146.1;;;145.2;;144.5;;;143.8;;143.1;;;142.5;;141.8;;141.1;;;140.5;;139.9;;;139.5;;;;;;;;
daisy_broad;the;3;0.595;0.685;0.0009000000000000008;161.0;;;;;;;;;;;161.6;;;;;;;;;;;162.3;;;;;;;;;;;163.0;;;;;;;;;;;163.6;;;;;;;;;;;164.2;;;;;;;;;;;164.9;;;;;;;;;;;165.5;;;;;;;;;;;166.2;;;;;;;;;;;166.9;
daisy_broad;warned;2;0.345;0.595;0.0025;160.9;;;;158.9;;;;157.6;;;;157.1;;;;157.3;;;;158.0;;;;158.9;;;;160.1;;;;161.2;;;;162.1;;;;162.9;;;;163.5;;;;163.9;;;;164.1;;;;164.1;;;;164.0;;;;163.6;;;;163.1;;;;162.4;;;;161.6;;;;160.9;;;;160.3;;;;160.0;;;;160.1;;;;160.4;
daisy_contrastive;daisy;1;0;0.375;0.00375;;;;;;;;;;;;;;217.6;;;218.1;;219.5;;;221.5;;;224.2;;227.5;;;231.3;;235.4;;;239.5;;;243.5;;;247.1;;250.1;;;252.4;;;253.7;;253.9;;;253.0;;;251.0;;247.9;;;244.1;;;239.8;;235.2;;;230.4;;;225.7;;220.8;;;215.7;;;210.2;;204.2;;;197.6;;;190.6;;183.5;;;176.5;;;170.1;;164.4;
daisy_contrastive;owner;4;0.695;1.19;0.0049499999999999995;133.1;;133.2;;133.4;;133.8;;134.2;;134.6;;135.0;;135.3;;135.4;;135.2;;134.6;;133.5;;131.8;;129.7;;127.2;;124.6;;121.8;;119.3;;117.0;;115.0;;113.5;;112.4;;111.6;;;;;;;;;;;;;;;;;;;;;;;;;;;;;;;;;;;;;;;;;;;;;;;;;;;;;;;
daisy_contrastive;the;3;0.605;0.695;0.0008999999999999997;132.0;;;;;;;;;;;132.2;;;;;;;;;;;132.6;;;;;;;;;;;133.0;;;;;;;;;;;133.4;;;;;;;;;;;133.6;;;;;;;;;;;133.5;;;;;;;;;;;133.3;;;;;;;;;;;133.1;
daisy_contrastive;warned;2;0.375;0.605;0.0023;161.7;;;;157.5;;;;154.3;;;;;151.9;;;;150.3;;;;149.1;;;;;148.3;;;;147.5;;;;146.7;;;;;145.8;;;;144.8;;;;143.8;;;;;142.8;;;;141.6;;;;140.4;;;;;139.2;;;;137.9;;;;136.6;;;;;135.4;;;;134.3;;;;133.3;;;;;132.5;;;;132.1;
daisy_given;daisy;1;0;0.295;0.00295;;;;;;;;;;;;;;;;;202.5;;;;201.7;;;200.8;;;;200.0;;;199.3;;;198.8;;;;198.4;;;197.9;;;;197.3;;;196.1;;;194.5;;;;192.4;;;189.9;;;;187.5;;;185.1;;;183.0;;;;181.0;;;179.1;;;177.3;;;;175.4;;;173.4;;;;171.4;;;169.2;;;167.1;;;;165.0;
daisy_given;owner;4;0.645;1.02;0.00375;141.1;;142.1;;;142.9;;;143.2;;143.0;;;142.3;;;141.2;;139.9;;;138.6;;;137.3;;136.2;;;135.3;;;134.7;;134.5;;;134.6;;;135.1;;135.9;;;137.1;;;138.3;;139.6;;;140.5;;;141.1;;141.2;;;141.0;;;140.5;;;;;;;;;;;;;;;;;;;;;;;;;;;;;;;;;;;
daisy_given;the;3;0.515;0.645;0.0013;138.9;;;;;;;137.1;;;;;;;;135.4;;;;;;;;134.0;;;;;;;133.1;;;;;;;;132.8;;;;;;;;133.1;;;;;;;133.8;;;;;;;;134.8;;;;;;;;136.0;;;;;;;137.3;;;;;;;;138.6;;;;;;;;139.8;
daisy_given;warned;2;0.295;0.515;0.0022;164.1;;;;162.3;;;;;160.7;;;;159.4;;;;;158.3;;;;157.4;;;;;156.6;;;;155.9;;;;;155.2;;;;154.5;;;;;153.9;;;;;153.1;;;;152.3;;;;;151.5;;;;150.5;;;;;149.5;;;;148.4;;;;;147.1;;;;145.7;;;;;144.1;;;;142.5;;;;;140.7;
daisy_narrow;daisy;1;0;0.345;0.00345;;;;;;;;;;;;;;;;;;;;;221.0;;;221.0;;;221.1;;221.1;;;220.9;;;220.5;;;219.6;;;218.4;;;216.6;;;214.1;;;211.1;;;207.6;;;203.7;;199.5;;;195.5;;;191.9;;;188.9;;;186.7;;;185.3;;;184.5;;;184.1;;;183.9;;;183.5;;182.7;;;181.6;;;180.0;;;178.0;;;175.8;
daisy_narrow;owner;4;0.795;1.1188;0.0032379999999999996;150.6;;;151.4;;;151.7;;;151.6;;;151.5;;;151.4;;;151.3;;;151.5;;;151.8;;;152.4;;;153.2;;;154.2;;;;155.4;;;156.8;;;158.3;;;159.8;;;161.3;;;162.7;;;163.9;;;164.9;;;165.6;;;166.0;;;166.1;;;;166.2;;;;;;;;;;;;;;;;;;;;;;;;;;;;
daisy_narrow;the;3;0.585;0.795;0.0021000000000000007;142.7;;;;140.7;;;;;138.7;;;;;136.5;;;;;133.8;;;;130.4;;;;;126.2;;;;;121.4;;;;;116.6;;;;112.5;;;;;110.0;;;;;109.7;;;;;111.7;;;;115.6;;;;;120.8;;;;;126.6;;;;;132.6;;;;138.1;;;;;142.9;;;;;146.6;;;;;149.1;
daisy_narrow;warned;2;0.345;0.585;0.0024;174.6;;;;172.1;;;;169.7;;;;167.5;;;;165.5;;;;163.8;;;;;162.5;;;;161.5;;;;160.7;;;;160.0;;;;159.3;;;;158.6;;;;;157.7;;;;156.8;;;;155.9;;;;155.0;;;;154.0;;;;153.0;;;;;152.0;;;;150.8;;;;149.5;;;;148.1;;;;146.4;;;;144.6;
damon_broad;damon;1;0;0.305;0.0030499999999999998;;;;;;;;;;;;;;;;;;;;251.1;;;251.7;;;;252.5;;;253.4;;;254.3;;;;255.1;;;255.5;;;255.5;;;254.7;;;;253.2;;;250.8;;;247.7;;;;243.9;;;239.6;;;234.7;;;229.6;;;;224.3;;;219.1;;;214.0;;;209.2;;;;204.6;;;200.3;;;196.4;;;;192.9;;;189.7;
damon_broad;fried;2;0.305;0.535;0.0023000000000000004;188.4;;;;186.1;;;;184.3;;;;;183.0;;;;182.0;;;;181.2;;;;;180.5;;;;179.5;;;;178.2;;;;;176.4;;;;174.3;;;;172.1;;;;;169.8;;;;167.8;;;;166.1;;;;;164.9;;;;164.1;;;;163.6;;;;;163.1;;;;162.8;;;;162.6;;;;;162.6;;;;162.9;
damon_broad;omelet;4;0.605;1.11;0.0050500000000000015;172.8;174.2;;175.6;;177.0;;178.4;;179.9;;181.5;;183.3;;185.2;;187.2;;189.3;;191.3;;193.0;;194.4;;195.3;;195.7;;195.6;;194.8;;193.3;;191.2;;188.5;;185.2;;181.6;;177.9;;174.4;;171.5;;;;;;;;;;;;;;;;;;;;;;;;;;;;;;;;;;;;;;;;;;;;;;;;;;
damon_broad;the;3;0.535;0.605;0.0006999999999999996;163.6;;;;;;;;;;;;;;164.7;;;;;;;;;;;;;;165.9;;;;;;;;;;;;;;167.2;;;;;;;;;;;;;;;168.6;;;;;;;;;;;;;;170.0;;;;;;;;;;;;;;171.4;
damon_contrastive;damon;1;0;0.385;0.00385;;;;;;;;;;;;;;;;227.5;;;229.9;;233.3;;;237.5;;242.3;;;247.4;;;252.5;;257.3;;;261.6;;265.2;;;267.9;;;269.7;;270.6;;;270.4;;269.3;;;267.1;;;263.8;;259.4;;;253.7;;246.9;;;239.0;;;230.3;;221.0;;;211.7;;202.5;;;193.9;;;186.0;;179.0;;;172.8;;167.5;;;162.9;;;158.8;;155.1;
damon_contrastive;fried;2;0.385;0.645;0.0026;153.4;;;150.0;;;;146.9;;;;144.1;;;;141.5;;;;139.0;;;;136.8;;;134.6;;;;132.5;;;;130.4;;;;128.2;;;;126.1;;;;124.0;;;;121.8;;;119.8;;;;118.0;;;;116.7;;;;115.9;;;;115.8;;;;116.0;;;116.5;;;;117.0;;;;117.2;;;;117.0;;;;116.5;;;;115.8;
damon_contrastive;omelet;4;0.745;1.15;0.004049999999999999;104.5;;103.4;;102.4;;;101.5;;100.7;;;100.1;;100.1;;;100.7;;102.1;;;104.0;;106.4;;;109.1;;112.0;;;114.7;;117.3;;;119.5;;121.2;;122.1;;;122.2;;121.3;;;119.3;;116.4;;;112.5;;108.0;;;103.2;;98.6;;;94.5;;91.4;;;89.6;;89.0;;;89.8;;91.6;;;94.1;;97.0;;100.0;;;102.7;;104.9;;;106.6;;107.7;;;;;;
damon_contrastive;the;3;0.645;0.745;0.0009999999999999998;114.8;;;;;;;;;;113.8;;;;;;;;;;112.8;;;;;;;;;;111.7;;;;;;;;;;110.7;;;;;;;;;;109.7;;;;;;;;;;108.6;;;;;;;;;;107.6;;;;;;;;;;106.5;;;;;;;;;;105.5;
damon_given;damon;1;0;0.285;0.0028499999999999997;;;;;;;;;;;;;;;;;;;;;;;;;189.0;;;;189.1;;;189.4;;;;189.6;;;189.6;;;;189.2;;;188.5;;;;187.3;;;185.8;;;;184.0;;;182.0;;;;179.9;;;177.7;;;;175.6;;;173.5;;;;171.4;;;169.4;;;;167.5;;;165.6;;;;163.8;;;162.2;;;;160.9;
damon_given;fried;2;0.285;0.505;0.0022;160.4;;;;159.7;;;;;159.3;;;;159.3;;;;;159.4;;;;159.7;;;;;159.9;;;;160.0;;;;;159.9;;;;159.5;;;;;158.9;;;;;158.0;;;;157.0;;;;;156.0;;;;155.2;;;;;154.3;;;;153.5;;;;;152.3;;;;150.6;;;;;148.4;;;;145.6;;;;;142.5;
damon_given;omelet;4;0.615;0.9166;0.0030159999999999996;112.2;;;114.4;;;117.9;;;122.3;;;;126.7;;;130.7;;;133.9;;;;136.2;;;137.9;;;138.9;;;;139.3;;;139.3;;;138.9;;;;138.0;;;136.9;;;135.5;;;;134.1;;;132.8;;;131.7;;;130.9;;;;;;;;;;;;;;;;;;;;;;;;;;;;;;;;;;;;;
damon_given;the;3;0.505;0.615;0.0010999999999999998;139.2;;;;;;;;;135.9;;;;;;;;;132.7;;;;;;;;;129.5;;;;;;;;;126.4;;;;;;;;;123.4;;;;;;;;;120.4;;;;;;;;;117.4;;;;;;;;;114.8;;;;;;;;;112.7;;;;;;;;;111.7;
damon_narrow;#;5;1.2393;1.63;0.003906999999999998;;;;;;;;;;;;;;;;;;;;;;;;;;;;;;;;;;;;;;;;;;;;;;;;;;;;;;;;;;;;;;;;;;;;;;;;;;;;;;;;;;;;;;;;;;;;;;;;;;;;
damon_narrow;damon;1;0;0.395;0.00395;;;;;;;;;;;;;;;;;;;;;;;;;;;;;;;212.7;;212.4;;;212.1;;212.0;;;211.9;;;211.9;;211.9;;;211.8;;211.6;;;211.0;;210.1;;;208.8;;207.1;;;205.1;;202.8;;;200.3;;197.6;;;194.8;;192.1;;;189.5;;;187.2;;185.0;;;183.1;;181.2;;;179.3;;177.4;;;175.4;;173.3;
damon_narrow;fried;2;0.395;0.645;0.0025;172.3;;;;170.5;;;;168.9;;;;167.5;;;;166.5;;;;165.6;;;;164.8;;;;164.0;;;;163.0;;;;161.8;;;;160.3;;;;158.4;;;;156.1;;;;153.7;;;;151.4;;;;149.3;;;;147.5;;;;145.9;;;;144.7;;;;143.5;;;;142.3;;;;141.0;;;;139.4;;;;137.6;;;;135.6;
damon_narrow;omelet;4;0.725;1.2393;0.005143000000000001;118.0;116.3;;114.7;;113.0;;111.6;;110.4;;109.9;;110.4;;112.0;;114.8;;118.2;;121.8;;125.0;;127.3;;128.6;;129.0;;128.5;;127.5;126.1;;124.5;;122.9;;121.4;;120.1;;119.3;;118.8;;118.8;;119.2;;120.0;;121.1;;122.2;;123.4;;124.5;;125.4;;126.2;;;;;;;;;;;;;;;;;;;;;;;;;;;;;;;;;;;
damon_narrow;the;3;0.645;0.725;0.0007999999999999996;133.3;;;;;;;;;;;;131.1;;;;;;;;;;;;;128.9;;;;;;;;;;;;126.8;;;;;;;;;;;;;124.9;;;;;;;;;;;;123.1;;;;;;;;;;;;;121.4;;;;;;;;;;;;119.7;
dorah_broad;dora;1;0;0.265;0.00265;;;;;;;;;;;;;;;;;;;;;;;227.2;;;;229.6;;;;232.9;;;236.8;;;;241.1;;;;245.6;;;;250.0;;;;253.8;;;256.9;;;;259.1;;;;260.2;;;;260.3;;;259.2;;;;257.3;;;;254.7;;;;251.5;;;;247.9;;;244.1;;;;240.1;;;;236.2;;;;232.4;
dorah_broad;filmed;2;0.265;0.535;0.0027;230.6;;;227.2;;;;224.0;;;;221.0;;;218.3;;;;215.8;;;;213.2;;;210.5;;;;207.4;;;;203.7;;;;199.3;;;194.3;;;;189.0;;;;184.1;;;180.1;;;;177.8;;;;177.1;;;178.0;;;;179.8;;;;182.0;;;;183.9;;;185.2;;;;185.8;;;;185.5;;;184.7;;;;183.6;;;;182.4;
dorah_broad;movie;4;0.595;1.06;0.0046500000000000005;179.3;;179.9;;180.8;;182.1;;183.9;;186.1;;188.7;;;191.7;;194.8;;198.0;;201.1;;204.0;;206.3;;208.1;;;209.1;;209.3;;208.5;;206.8;;204.2;;200.7;;;196.5;;191.9;;187.1;;182.4;;178.0;;173.9;;170.4;;;167.3;;164.7;;162.6;;161.1;;160.2;;159.8;;159.9;;;160.3;;160.7;;161.1;;161.4;;161.4;;161.4;;;;;;;;;;;;;;;;
dorah_broad;the;3;0.535;0.595;0.0005999999999999994;181.3;;;;;;;;;;;;;;;;180.4;;;;;;;;;;;;;;;;;179.7;;;;;;;;;;;;;;;;;179.3;;;;;;;;;;;;;;;;179.1;;;;;;;;;;;;;;;;;179.1;
dorah_contrastive;dora;1;0;0.305;0.0030499999999999998;;;;;;;;;;;;;;;;;;;;226.3;;;227.9;;;;230.1;;;232.7;;;235.6;;;;238.5;;;241.1;;;243.4;;;244.9;;;;245.6;;;245.1;;;243.5;;;;240.6;;;236.6;;;231.5;;;225.6;;;;219.0;;;212.0;;;204.9;;;197.8;;;;191.2;;;185.0;;;179.5;;;;174.8;;;170.9;
dorah_contrastive;filmed;2;0.305;0.595;0.0029;169.4;;;167.0;;;165.3;;;;164.5;;;164.1;;;;164.1;;;164.3;;;;164.6;;;164.8;;;;165.0;;;165.2;;;165.0;;;;164.6;;;163.7;;;;162.4;;;160.7;;;;158.9;;;157.0;;;;155.2;;;153.7;;;152.3;;;;151.1;;;149.9;;;;148.6;;;147.3;;;;145.9;;;144.5;;;;143.0;;;141.8;
dorah_contrastive;movie;4;0.665;1.0899;0.004249;137.2;;137.2;;137.3;;;137.7;;138.2;;138.9;;;139.4;;139.8;;139.9;;;139.7;;139.2;;138.4;;;137.2;;135.8;;134.1;;;132.1;;130.0;;;127.8;;125.7;;123.8;;;122.4;;121.6;;121.4;;;121.7;;122.3;;123.1;;;123.8;;124.1;;124.0;;;123.5;;122.7;;121.8;;;121.1;;120.7;;;120.5;;120.6;;;;;;;;;;;;;;;;;
dorah_contrastive;the;3;0.595;0.665;0.0007000000000000006;140.6;;;;;;;;;;;;;;139.8;;;;;;;;;;;;;;139.1;;;;;;;;;;;;;;138.6;;;;;;;;;;;;;;;138.1;;;;;;;;;;;;;;137.8;;;;;;;;;;;;;;137.4;;;;;;;;;;;;;;137.2;
dorah_given;dora;1;0;0.245;0.00245;;;;;;;;;;;;;;;;;;;;;;;;;196.7;;;;195.9;;;;194.9;;;;194.0;;;;193.1;;;;192.3;;;;191.6;;;;;190.9;;;;190.0;;;;189.0;;;;187.9;;;;186.7;;;;185.6;;;;184.5;;;;183.5;;;;182.6;;;;181.9;;;;181.4;;;;181.2;
dorah_given;filmed;2;0.245;0.515;0.0027;181.3;;;181.6;;;;182.2;;;;182.9;;;183.7;;;;184.6;;;;185.5;;;186.3;;;;187.2;;;;188.0;;;;188.7;;;189.0;;;;189.0;;;;188.4;;;187.3;;;;185.8;;;;184.2;;;182.6;;;;181.3;;;;180.4;;;;179.7;;;179.2;;;;178.7;;;;178.1;;;177.1;;;;175.9;;;;174.2;
dorah_given;movie;4;0.635;1.02;0.00385;155.2;;155.2;;;155.3;;155.4;;;155.4;;155.2;;;154.8;;;154.2;;153.4;;;152.4;;151.2;;;149.7;;;148.1;;146.2;;;144.0;;141.6;;;139.1;;;136.5;;134.1;;;131.9;;130.1;;;128.5;;;127.2;;125.8;;;124.4;;122.7;;;120.6;;;118.3;;115.8;;;113.2;;110.7;;;108.7;;;;;;;;;;;;;;;;;;;
dorah_given;the;3;0.515;0.635;0.0012;172.1;;;;;;;;169.8;;;;;;;;167.3;;;;;;;;;164.8;;;;;;;;162.6;;;;;;;;160.7;;;;;;;;;159.1;;;;;;;;157.9;;;;;;;;157.0;;;;;;;;;156.3;;;;;;;;155.7;;;;;;;;155.4;
dorah_narrow;dora;1;0;0.305;0.0030499999999999998;;;;;;;;;;;;;;;;;;;;;;;208.0;;;;208.4;;;208.9;;;209.7;;;;210.5;;;211.5;;;212.4;;;213.1;;;;213.6;;;213.7;;;213.3;;;;212.4;;;210.9;;;208.9;;;206.4;;;;203.5;;;200.4;;;196.9;;;193.3;;;;189.4;;;185.5;;;181.6;;;;177.9;;;174.6;
dorah_narrow;filmed;2;0.305;0.595;0.0029;173.2;;;170.9;;;169.3;;;;168.4;;;168.0;;;;167.9;;;168.0;;;;168.2;;;168.3;;;;168.4;;;168.4;;;168.1;;;;167.3;;;166.1;;;;164.4;;;162.4;;;;160.2;;;158.0;;;;156.0;;;154.4;;;153.1;;;;152.1;;;151.4;;;;150.9;;;150.5;;;;150.1;;;149.7;;;;149.1;;;148.5;
dorah_narrow;movie;4;0.665;1.1;0.004350000000000001;141.0;;140.4;;140.3;;140.5;;;141.2;;142.0;;142.9;;;143.8;;144.3;;144.5;;144.3;;;143.8;;142.9;;141.6;;;140.0;;138.1;;135.8;;;133.2;;130.7;;128.3;;126.2;;;124.8;;123.9;;123.6;;;123.7;;124.0;;124.3;;;124.7;;125.0;;125.5;;126.1;;;127.1;;128.4;;130.0;;;131.7;;133.4;;134.9;;;136.1;;137.1;;137.8;;138.2;;;;;;;;
dorah_narrow;the;3;0.595;0.665;0.0007000000000000006;147.7;;;;;;;;;;;;;;146.9;;;;;;;;;;;;;;145.9;;;;;;;;;;;;;;144.9;;;;;;;;;;;;;;;143.9;;;;;;;;;;;;;;142.8;;;;;;;;;;;;;;141.8;;;;;;;;;;;;;;141.0;
harry_broad;harry;1;0;0.305;0.0030499999999999998;;;;;;;;;;;;;;;;;;;;;;;;;;;;;;;;;229.9;;;;229.8;;;229.8;;;229.8;;;229.8;;;;229.7;;;229.4;;;228.8;;;;227.9;;;226.5;;;224.7;;;222.5;;;;220.1;;;217.4;;;214.6;;;211.7;;;;208.9;;;206.1;;;203.2;;;;200.4;;;197.5;
harry_broad;raised;2;0.305;0.595;0.0029;196.1;;;193.1;;;190.1;;;;187.2;;;184.2;;;;181.4;;;178.8;;;;176.5;;;174.5;;;;172.8;;;171.6;;;170.6;;;;169.9;;;169.4;;;;169.0;;;168.6;;;;168.3;;;167.8;;;;167.4;;;167.1;;;167.0;;;;167.1;;;167.7;;;;168.4;;;169.3;;;;170.3;;;171.3;;;;172.3;;;173.3;
harry_broad;the;3;0.595;0.655;0.0006000000000000005;174.2;;;;;;;;;;;;;;;;175.0;;;;;;;;;;;;;;;;;175.5;;;;;;;;;;;;;;;;;175.6;;;;;;;;;;;;;;;;175.4;;;;;;;;;;;;;;;;;174.8;;;;;;;;;;;;;;;;174.2;
harry_broad;window;4;0.655;1.2;0.005449999999999999;174.2;173.9;;174.3;;175.4;;177.5;;180.3;;183.6;187.2;;190.6;;193.6;;195.9;;197.4;;198.0;197.7;;196.6;;194.6;;192.0;;188.6;;184.6;180.0;;174.9;;169.4;;163.5;;157.5;;151.4;145.4;;139.6;;134.2;;129.3;;125.1;;121.8;119.5;;118.3;;118.3;;119.3;;121.1;;123.5;125.8;;127.9;;;;;;;;;;;;;;;;;;;;;;;;;;;;;;
harry_contrastive;harry;1;0;0.375;0.00375;;;;;;;;;;;;;;;;;;;;;;;;;;;;;;;;;;;290.3;;;290.1;;;289.7;;288.9;;;287.9;;;286.6;;285.1;;;283.4;;;281.4;;279.0;;;276.2;;;272.7;;268.4;;;263.2;;;257.2;;250.3;;;242.8;;;234.9;;226.8;;;218.8;;;211.0;;203.6;;;196.7;;;190.4;;184.5;
harry_contrastive;raised;2;0.375;0.645;0.0027;181.9;;;177.0;;;;172.7;;;;169.1;;;166.0;;;;163.5;;;;161.4;;;159.6;;;;158.0;;;;156.6;;;;155.5;;;154.6;;;;153.9;;;;153.4;;;152.9;;;;152.4;;;;151.9;;;151.3;;;;150.7;;;;150.0;;;;149.4;;;148.9;;;;148.4;;;;147.9;;;147.4;;;;146.9;;;;146.4;
harry_contrastive;the;3;0.645;0.705;0.0005999999999999994;145.8;;;;;;;;;;;;;;;;145.2;;;;;;;;;;;;;;;;;144.6;;;;;;;;;;;;;;;;;143.9;;;;;;;;;;;;;;;;143.1;;;;;;;;;;;;;;;;;142.3;
harry_contrastive;window;4;0.705;1.15;0.004449999999999999;141.7;;141.2;;140.9;;140.5;;140.0;;;139.2;;138.1;;136.8;;135.4;;;134.3;;133.5;;133.3;;133.5;;;134.1;;134.9;;135.7;;136.3;;;136.8;;;;;;;;;;;;;;;;;;;;;;;;;;;;;;;;;;;;;;;;;;;;;;;;;;;;;;;;;;;;;
harry_given;harry;1;0;0.295;0.00295;;;;;;;;;;;;;;;;;;;;;;;;;;;;;;;;;;;;;;;;;211.6;;;;211.6;;;211.4;;;211.0;;;;210.4;;;209.4;;;;208.2;;;206.8;;;205.3;;;;203.8;;;202.3;;;200.7;;;;199.0;;;197.2;;;;195.3;;;193.2;;;191.0;;;;188.6;
harry_given;raised;2;0.295;0.555;0.0026000000000000007;187.4;;;185.0;;;;182.6;;;;180.3;;;;178.1;;;;176.1;;;;174.3;;;172.6;;;;171.0;;;;169.5;;;;168.0;;;;166.6;;;;165.1;;;;163.6;;;162.1;;;;160.6;;;;159.2;;;;157.9;;;;157.0;;;;156.5;;;156.4;;;;156.7;;;;157.2;;;;157.7;;;;158.4;;;;159.0;
harry_given;the;3;0.555;0.615;0.0005999999999999994;159.7;;;;;;;;;;;;;;;;160.4;;;;;;;;;;;;;;;;;161.0;;;;;;;;;;;;;;;;;161.6;;;;;;;;;;;;;;;;162.1;;;;;;;;;;;;;;;;;162.5;
harry_given;window;4;0.615;1.06;0.004450000000000001;162.8;;163.0;;163.4;;163.9;;164.7;;;165.6;;166.6;;167.5;;168.2;;;168.6;;168.8;;168.6;;168.3;;;167.7;;167.1;;166.2;;165.2;;;163.9;;162.2;;160.3;;158.1;;;155.6;;153.1;;150.5;;148.0;;;145.6;;143.5;;141.6;;140.3;;;139.6;;139.7;;140.5;;141.8;;;143.4;;145.2;;147.1;;149.0;;;150.9;;152.7;;154.4;;155.9;;;157.0;;157.7;;;;;
harry_narrow;harry;1;0;0.285;0.0028499999999999997;;;;;;;;;;;;;;;;;;;;;;;;;;;;;238.3;;;238.0;;;;237.5;;;236.7;;;;235.3;;;233.3;;;;230.8;;;227.9;;;;224.6;;;221.0;;;;217.4;;;213.8;;;;210.3;;;206.9;;;;203.7;;;200.4;;;;197.2;;;193.9;;;;190.6;;;187.3;;;;184.2;
harry_narrow;raised;2;0.285;0.565;0.0027999999999999995;182.7;;;179.9;;;;177.4;;;175.4;;;;173.7;;;172.3;;;;171.1;;;;170.0;;;169.0;;;;167.8;;;166.6;;;;165.4;;;164.3;;;;163.2;;;;162.2;;;161.4;;;;160.8;;;160.4;;;;160.1;;;160.0;;;;160.1;;;;160.2;;;160.4;;;;160.6;;;160.8;;;;161.0;;;161.2;;;;161.4;
harry_narrow;the;3;0.565;0.625;0.0006000000000000005;161.5;;;;;;;;;;;;;;;;161.6;;;;;;;;;;;;;;;;;161.5;;;;;;;;;;;;;;;;;161.1;;;;;;;;;;;;;;;;160.5;;;;;;;;;;;;;;;;;159.7;;;;;;;;;;;;;;;;158.8;
harry_narrow;window;4;0.625;1.04;0.00415;158.8;;158.1;;157.7;;;157.6;;157.7;;;157.9;;158.1;;158.0;;;157.8;;157.4;;;156.8;;156.2;;155.5;;;154.8;;154.1;;;153.4;;152.8;;152.2;;;151.6;;151.1;;;150.6;;150.2;;;149.7;;149.2;;148.6;;;148.0;;147.5;;;147.1;;147.0;;147.2;;;147.6;;148.4;;;149.3;;150.6;;152.0;;;153.6;;155.3;;;157.0;;158.4;;159.5;;;;;;
jamie_broad;dyed;2;0.325;0.555;0.0023000000000000004;168.0;;;;163.7;;;;160.2;;;;;157.7;;;;156.1;;;;155.2;;;;;154.8;;;;154.7;;;;154.8;;;;;155.0;;;;155.4;;;;155.8;;;;;156.3;;;;156.8;;;;157.5;;;;;158.0;;;;158.5;;;;158.8;;;;;158.9;;;;158.6;;;;158.2;;;;;157.6;;;;157.1;
jamie_broad;jamie;1;0;0.325;0.0032500000000000003;;;;;;;;;;;;;;;;;;;;;;228.8;;;228.6;;;228.1;;;227.5;;;226.9;;;226.3;;;225.8;;;;225.3;;;224.8;;;224.2;;;223.4;;;222.2;;;220.8;;;219.0;;;216.9;;;214.4;;;211.6;;;208.5;;;204.9;;;;200.9;;;196.5;;;191.6;;;186.4;;;181.0;;;175.6;;;170.5;
jamie_broad;laundry;4;0.645;1.1599;0.005148999999999999;158.9;159.3;;159.8;;160.5;;161.4;;162.8;;164.6;;166.8;;169.5;;172.6;;175.8;;179.1;;182.3;;185.2;;187.6;;189.6;;191.0;;191.8;192.0;;191.6;;190.7;;189.2;;187.2;;184.8;;181.9;;178.5;;174.7;;170.4;;165.8;;160.9;;156.0;;151.2;;146.8;;142.8;;139.4;136.7;;134.6;;133.3;;132.8;;133.2;;134.5;;136.4;;138.8;;141.5;;144.0;;146.1;;147.8;;148.9;;149.6;;149.9;;;;
jamie_broad;the;3;0.555;0.645;0.0008999999999999997;156.7;;;;;;;;;;;156.5;;;;;;;;;;;156.5;;;;;;;;;;;156.7;;;;;;;;;;;157.0;;;;;;;;;;;157.3;;;;;;;;;;;157.7;;;;;;;;;;;158.1;;;;;;;;;;;158.5;
jamie_contrastive;dyed;2;0.345;0.585;0.0024;186.6;;;;178.1;;;;170.5;;;;164.0;;;;158.8;;;;154.7;;;;;151.6;;;;149.1;;;;147.1;;;;145.4;;;;143.8;;;;142.5;;;;;141.2;;;;140.1;;;;139.0;;;;138.0;;;;137.1;;;;136.2;;;;;135.5;;;;135.0;;;;134.5;;;;134.2;;;;133.9;;;;133.8;
jamie_contrastive;jamie;1;0;0.345;0.00345;;;;;;;;;;;;;;;;;;;;;;;;;;;;;;;;235.5;;;237.0;;;239.0;;;241.2;;;243.7;;;246.1;;;248.3;;;250.1;;;251.5;;252.3;;;252.6;;;252.3;;;251.4;;;249.9;;;247.8;;;245.1;;;241.5;;;237.0;;;231.5;;224.9;;;217.3;;;209.0;;;200.0;;;191.0;
jamie_contrastive;laundry;4;0.665;1.1299;0.004648999999999999;132.6;;132.1;;131.5;;130.9;;130.3;;129.6;;129.0;;;128.3;;127.5;;126.6;;125.6;;124.5;;123.4;;122.3;;;121.4;;120.7;;120.1;;119.7;;119.4;;119.2;;;119.0;;118.9;;118.8;;118.7;;118.7;;118.6;;;;;;;;;;;;;;;;;;;;;;;;;;;;;;;;;;;;;;;;;;;;;;
jamie_contrastive;the;3;0.585;0.665;0.0008000000000000007;133.7;;;;;;;;;;;;133.6;;;;;;;;;;;;;133.6;;;;;;;;;;;;133.5;;;;;;;;;;;;;133.4;;;;;;;;;;;;133.3;;;;;;;;;;;;;133.2;;;;;;;;;;;;132.9;;;;;;;;;;;;132.6;
jamie_given;dyed;2;0.285;0.495;0.0021000000000000003;179.4;;;;177.2;;;;;175.5;;;;;174.3;;;;;173.4;;;;172.7;;;;;172.0;;;;;171.0;;;;;169.7;;;;167.9;;;;;165.8;;;;;163.6;;;;;161.4;;;;159.3;;;;;157.5;;;;;156.1;;;;;155.0;;;;154.1;;;;;153.4;;;;;152.9;;;;;152.4;
jamie_given;jamie;1;0;0.285;0.0028499999999999997;;;;;;;;;;;;;;;;;;;;;;;;;;;;;;;;209.3;;;;208.6;;;207.8;;;;206.9;;;206.0;;;;205.3;;;204.6;;;;203.8;;;203.0;;;;202.0;;;200.8;;;;199.4;;;197.7;;;;195.8;;;193.6;;;;191.2;;;188.6;;;;185.9;;;183.2;;;;180.6;
jamie_given;laundry;4;0.575;1.0299;0.004549000000000001;147.9;;147.1;;146.5;;146.1;;146.0;;146.0;;;146.2;;146.2;;146.2;;146.1;;145.8;;;145.5;;145.2;;144.9;;144.7;;144.5;;;144.4;;144.3;;144.1;;143.9;;143.5;;;143.1;;142.5;;141.7;;140.8;;139.7;;;138.3;;136.4;;133.9;;130.7;;126.9;;;122.6;;118.2;;114.2;;111.2;;109.7;;;109.9;;111.9;;115.5;;120.3;;125.6;;;130.9;;135.6;;139.3;;;;;
jamie_given;the;3;0.495;0.575;0.0007999999999999996;152.0;;;;;;;;;;;;151.7;;;;;;;;;;;;;151.4;;;;;;;;;;;;151.0;;;;;;;;;;;;;150.6;;;;;;;;;;;;150.1;;;;;;;;;;;;;149.5;;;;;;;;;;;;148.7;
jamie_narrow;dyed;2;0.315;0.565;0.0024999999999999996;190.4;;;;186.4;;;;182.3;;;;178.5;;;;175.2;;;;172.3;;;;170.0;;;;168.1;;;;166.4;;;;164.7;;;;162.9;;;;160.9;;;;158.7;;;;156.5;;;;154.2;;;;152.0;;;;149.9;;;;148.0;;;;146.3;;;;144.7;;;;143.2;;;;141.8;;;;140.4;;;;139.2;;;;138.2;
jamie_narrow;jamie;1;0;0.315;0.00315;;;;;;;;;;;;;;;;;;;;;;;;;;;;;212.5;;;213.4;;;214.4;;;;215.6;;;216.7;;;217.7;;;218.5;;;219.1;;;219.4;;;;219.5;;;219.3;;;218.7;;;217.9;;;216.7;;;;215.1;;;213.3;;;211.2;;;208.7;;;206.1;;;203.1;;;;199.8;;;196.3;;;192.4;
jamie_narrow;laundry;4;0.655;1.08;0.00425;131.5;;130.3;;129.4;;;128.6;;128.1;;127.8;;;127.4;;126.9;;126.2;;;125.4;;124.6;;123.8;;;123.1;;122.7;;122.6;;;122.9;;123.6;;;124.7;;126.3;;128.3;;;130.4;;132.5;;134.5;;;136.0;;137.2;;138.1;;;138.5;;138.7;;138.6;;;138.2;;137.5;;136.8;;;136.1;;;;;;;;;;;;;;;;;;;;;;;;
jamie_narrow;the;3;0.565;0.655;0.0009000000000000008;137.4;;;;;;;;;;;136.9;;;;;;;;;;;136.6;;;;;;;;;;;136.3;;;;;;;;;;;136.0;;;;;;;;;;;135.6;;;;;;;;;;;134.9;;;;;;;;;;;133.9;;;;;;;;;;;132.8;;;;;;;;;;;131.5;
joh_broad;burned;2;0.325;0.625;0.003;169.7;;;166.5;;;164.1;;;;162.6;;;161.9;;;161.7;;;;161.9;;;162.4;;;162.9;;;;163.4;;;163.8;;;164.1;;;;164.1;;;163.9;;;163.6;;;;163.2;;;162.7;;;162.3;;;;162.0;;;161.8;;;161.6;;;;161.7;;;161.8;;;162.2;;;;162.9;;;163.9;;;165.1;;;;166.6;;;168.1;;;169.7;
joh_broad;joh;1;0;0.325;0.0032500000000000003;;;;;;;;;;;;;;;;;;;;;;;;;;;;224.3;;;224.5;;;224.9;;;225.6;;;226.4;;;;227.3;;;228.1;;;228.6;;;228.8;;;228.4;;;227.4;;;225.7;;;223.4;;;220.4;;;216.8;;;212.5;;;207.8;;;;202.6;;;197.2;;;191.6;;;186.1;;;180.8;;;175.9;;;171.6;
joh_broad;onion;4;0.725;1.1238;0.003987999999999999;185.0;;184.7;;;184.0;;182.8;;;181.2;;179.4;;;177.3;;174.9;;;172.3;;169.5;;;166.4;;163.0;;;159.3;;155.3;;;151.2;;147.1;;;143.3;;140.0;;;137.4;;135.8;;;135.0;;135.0;;;135.7;;137.0;;;138.5;;140.0;;;141.4;;142.4;;;142.9;;142.9;;;142.4;;141.5;;;140.4;;139.3;;;138.7;;;;;;;;;;;;;
joh_broad;the;3;0.625;0.725;0.0009999999999999998;171.3;;;;;;;;;;172.9;;;;;;;;;;174.5;;;;;;;;;;176.1;;;;;;;;;;177.8;;;;;;;;;;179.5;;;;;;;;;;181.1;;;;;;;;;;182.7;;;;;;;;;;183.9;;;;;;;;;;184.7;
joh_contrastive;burned;2;0.335;0.595;0.0025999999999999994;189.1;;;181.8;;;;175.1;;;;169.2;;;;164.4;;;;160.7;;;;157.9;;;155.9;;;;154.3;;;;153.0;;;;152.0;;;;151.0;;;;150.2;;;;149.3;;;148.5;;;;147.6;;;;146.6;;;;145.6;;;;144.5;;;;143.4;;;142.2;;;;141.0;;;;139.8;;;;138.6;;;;137.6;;;;136.7;
joh_contrastive;joh;1;0;0.335;0.00335;;;;;;;;;;;;;;;;;;;;;;;;;;;;;;218.4;;;219.4;;;221.9;;;225.1;;;228.8;;;232.8;;;236.7;;;240.3;;;243.4;;;245.7;;;247.3;;;247.8;;;247.5;;;246.3;;;244.1;;;241.1;;;237.3;;;232.6;;;227.3;;;221.3;;;214.7;;;207.7;;;200.3;;;192.8;
joh_contrastive;onion;4;0.785;1.17;0.003849999999999999;144.3;;143.9;;;143.2;;142.1;;;140.7;;139.0;;;137.0;;;134.7;;132.3;;;129.9;;127.5;;;125.1;;;122.8;;120.6;;;118.5;;116.5;;;114.8;;;113.3;;112.2;;;;;;;;;;;;;;;;;;;;;;;;;;;;;;;;;;;;;;;;;;;;;;;;;;;;;
joh_contrastive;the;3;0.595;0.785;0.0019000000000000006;136.1;;;;;135.8;;;;;135.8;;;;;136.0;;;;;;136.5;;;;;137.1;;;;;137.6;;;;;138.2;;;;;;138.8;;;;;139.5;;;;;140.1;;;;;140.7;;;;;;141.3;;;;;142.0;;;;;142.7;;;;;143.3;;;;;;143.8;;;;;144.2;;;;;144.4;
joh_given;burned;2;0.275;0.485;0.0020999999999999994;168.3;;;;167.1;;;;;166.0;;;;;165.2;;;;;164.8;;;;164.7;;;;;165.0;;;;;165.3;;;;;165.7;;;;166.0;;;;;166.1;;;;;166.0;;;;;165.5;;;;164.9;;;;;164.0;;;;;163.0;;;;;162.0;;;;160.9;;;;;159.8;;;;;158.6;;;;;157.2;
joh_given;joh;1;0;0.275;0.0027500000000000003;;;;;;;;;;;;;;;;;;;;;;;;;;;;;;;;;;;;;179.4;;;179.0;;;;178.6;;;;178.0;;;177.4;;;;176.8;;;;176.2;;;175.6;;;;175.2;;;;174.7;;;174.3;;;;174.0;;;;173.5;;;172.9;;;;172.2;;;171.3;;;;170.2;;;;169.0;
joh_given;onion;4;0.575;1.06;0.004850000000000001;142.2;;141.3;;140.9;;141.1;;142.2;;144.1;;146.3;;148.4;;150.0;;151.0;;151.2;;150.7;;149.8;;148.4;;146.6;;144.5;;142.2;;;139.6;;136.9;;134.3;;132.0;;130.3;;129.2;;128.9;;129.3;;130.3;;131.7;;133.2;;134.7;;136.2;;137.8;;139.3;;140.8;;;142.3;;143.6;;144.7;;145.4;;;;;;;;;;;;;;;;;;;;;;;;;
joh_given;the;3;0.485;0.575;0.0008999999999999997;155.7;;;;;;;;;;;154.1;;;;;;;;;;;152.4;;;;;;;;;;;150.7;;;;;;;;;;;149.1;;;;;;;;;;;147.6;;;;;;;;;;;146.1;;;;;;;;;;;144.8;;;;;;;;;;;143.4;
joh_narrow;burned;2;0.295;0.595;0.003;179.1;;;177.2;;;175.5;;;;174.3;;;173.7;;;173.5;;;;173.7;;;174.1;;;174.5;;;;174.9;;;175.1;;;175.0;;;;174.6;;;174.0;;;173.1;;;;172.1;;;170.9;;;169.7;;;;168.5;;;167.3;;;166.1;;;;165.1;;;164.1;;;163.3;;;;162.7;;;162.4;;;162.2;;;;162.3;;;162.5;;;162.7;
joh_narrow;joh;1;0;0.295;0.00295;;;;;;;;;;;;;;;;;;;;;;;;;;;;;;;;;;198.6;;;;198.9;;;199.1;;;;199.2;;;199.2;;;198.9;;;;198.4;;;197.8;;;;196.9;;;196.0;;;194.9;;;;193.7;;;192.5;;;191.2;;;;189.7;;;188.1;;;;186.4;;;184.4;;;182.3;;;;180.2;
joh_narrow;onion;4;0.655;1.08;0.00425;165.0;;165.4;;165.8;;;166.1;;166.2;;166.1;;;165.7;;165.0;;164.1;;;163.0;;161.7;;160.3;;;158.8;;157.3;;155.8;;;154.3;;152.8;;;151.3;;149.8;;148.4;;;147.1;;145.9;;144.7;;;143.7;;142.9;;142.2;;;141.9;;141.9;;142.2;;;142.9;;143.9;;145.2;;;146.4;;147.6;;;148.7;;149.5;;;;;;;;;;;;;;;;;
joh_narrow;the;3;0.595;0.655;0.0006000000000000005;163.0;;;;;;;;;;;;;;;;163.3;;;;;;;;;;;;;;;;;163.6;;;;;;;;;;;;;;;;;163.9;;;;;;;;;;;;;;;;164.2;;;;;;;;;;;;;;;;;164.6;;;;;;;;;;;;;;;;165.0;
jonny_broad;helped;2;0.345;0.545;0.0020000000000000005;175.3;;;;;172.4;;;;;170.6;;;;;169.8;;;;;169.8;;;;;170.1;;;;;170.6;;;;;170.9;;;;;170.9;;;;;170.6;;;;;169.9;;;;;169.2;;;;;168.5;;;;;167.9;;;;;167.4;;;;;167.1;;;;;166.8;;;;;166.5;;;;;166.3;;;;;166.1;
jonny_broad;jonny;1;0;0.345;0.00345;;;;;;;;;;;;;;;;;;;;;;;;221.8;;;222.3;;223.0;;;223.7;;;224.3;;;224.9;;;225.3;;;225.7;;;226.1;;;226.4;;;226.7;;;226.8;;226.7;;;226.2;;;225.3;;;223.8;;;221.8;;;219.1;;;215.9;;;212.0;;;207.5;;;202.6;;197.3;;;191.8;;;186.4;;;181.4;;;177.0;
jonny_broad;the;3;0.545;0.625;0.0007999999999999996;165.8;;;;;;;;;;;;165.6;;;;;;;;;;;;;165.2;;;;;;;;;;;;164.8;;;;;;;;;;;;;164.1;;;;;;;;;;;;163.0;;;;;;;;;;;;;161.6;;;;;;;;;;;;159.9;
jonny_broad;warden;4;0.625;1.1418;0.005167999999999999;158.1;156.3;;154.8;;153.7;;152.9;;152.6;;152.7;;153.3;;154.3;;155.9;;158.0;;160.5;;163.3;;166.4;;169.4;;172.3;174.9;;177.0;;178.7;;179.8;;180.4;;180.3;;179.7;;178.4;;176.6;;174.4;;171.7;;168.9;;165.9;;163.1;;160.5;158.2;;156.0;;153.9;;151.8;;149.6;;147.2;;144.7;;142.0;;139.3;;136.6;;134.0;;131.7;;129.9;;128.4;;127.8;;;;;;;;;;;;
jonny_contrastive;helped;2;0.365;0.585;0.0021999999999999997;177.3;;;;173.3;;;;;169.9;;;;166.9;;;;;164.3;;;;162.1;;;;;160.2;;;;158.6;;;;;157.4;;;;156.4;;;;;155.6;;;;;154.9;;;;154.2;;;;;153.6;;;;153.0;;;;;152.4;;;;151.8;;;;;151.1;;;;150.5;;;;;149.9;;;;149.3;;;;;148.7;
jonny_contrastive;jonny;1;0;0.365;0.00365;;;;;;;;;;;;;;;;;;;;;;;;;;;;215.9;;;216.3;;216.9;;;217.6;;;218.6;;;219.6;;220.9;;;222.3;;;223.8;;;225.4;;226.8;;;228.0;;;228.8;;;229.1;;228.7;;;227.5;;;225.6;;222.9;;;219.5;;;215.5;;;210.8;;205.7;;;200.3;;;194.8;;;189.3;;184.2;;;179.4;
jonny_contrastive;the;3;0.585;0.655;0.0007000000000000006;148.1;;;;;;;;;;;;;;147.4;;;;;;;;;;;;;;146.8;;;;;;;;;;;;;;146.1;;;;;;;;;;;;;;;145.3;;;;;;;;;;;;;;144.5;;;;;;;;;;;;;;143.6;;;;;;;;;;;;;;142.5;
jonny_contrastive;warden;4;0.655;1.0595;0.004045000000000001;142.5;;141.4;;140.2;;;138.9;;137.7;;;136.6;;135.6;;;134.8;;134.0;;;133.3;;132.5;;;131.4;;130.1;;;128.4;;126.4;;;124.0;;121.3;;;118.4;;115.4;;112.5;;;109.6;;106.9;;;104.4;;102.1;;;100.0;;98.1;;;96.4;;94.8;;;93.4;;92.1;;;91.1;;90.4;;;;;;;;;;;;;;;;;;;;;;;
jonny_given;helped;2;0.285;0.485;0.002;165.5;;;;;164.6;;;;;164.0;;;;;163.9;;;;;164.2;;;;;164.6;;;;;165.0;;;;;165.3;;;;;165.3;;;;;164.9;;;;;164.4;;;;;163.8;;;;;163.2;;;;;162.7;;;;;162.5;;;;;162.4;;;;;162.4;;;;;162.4;;;;;162.5;;;;;162.6;
jonny_given;jonny;1;0;0.285;0.0028499999999999997;;;;;;;;;;;;;;;;;;;;;;;;;;;;;;;;184.1;;;;183.3;;;182.4;;;;181.5;;;180.6;;;;180.0;;;179.5;;;;179.0;;;178.6;;;;178.1;;;177.5;;;;176.9;;;176.0;;;;175.0;;;173.8;;;;172.4;;;170.8;;;;169.2;;;167.6;;;;166.1;
jonny_given;the;3;0.485;0.575;0.0008999999999999997;162.7;;;;;;;;;;;162.8;;;;;;;;;;;162.8;;;;;;;;;;;162.8;;;;;;;;;;;162.6;;;;;;;;;;;162.2;;;;;;;;;;;161.3;;;;;;;;;;;160.0;;;;;;;;;;;158.4;
jonny_given;warden;4;0.575;1.0299;0.004549000000000001;156.6;;154.9;;153.5;;152.6;;152.2;;152.3;;;152.7;;153.3;;154.0;;154.6;;155.0;;;155.1;;154.8;;154.2;;153.3;;152.1;;;150.7;;149.2;;147.6;;146.0;;144.3;;;142.6;;140.9;;139.3;;137.8;;136.3;;;134.8;;133.3;;131.6;;129.9;;128.3;;;126.8;;125.5;;124.5;;;;;;;;;;;;;;;;;;;;;;;;;;;
jonny_narrow;helped;2;0.315;0.585;0.0026999999999999997;172.1;;;170.4;;;;169.2;;;;168.7;;;168.7;;;;168.9;;;;169.0;;;168.7;;;;167.6;;;;165.8;;;;163.4;;;160.6;;;;157.8;;;;155.1;;;152.8;;;;150.8;;;;149.1;;;147.6;;;;146.3;;;;145.1;;;;143.9;;;142.7;;;;141.5;;;;140.4;;;139.2;;;;138.0;;;;136.8;
jonny_narrow;jonny;1;0;0.315;0.00315;;;;;;;;;;;;;;;;;;;;;;;;;;;;;189.6;;;188.7;;;187.8;;;;187.0;;;186.6;;;186.8;;;187.6;;;188.8;;;190.2;;;;191.5;;;192.5;;;193.1;;;193.1;;;192.5;;;;191.5;;;190.0;;;188.2;;;186.0;;;183.6;;;180.9;;;;178.2;;;175.5;;;173.1;
jonny_narrow;the;3;0.585;0.655;0.0007000000000000006;135.6;;;;;;;;;;;;;;134.4;;;;;;;;;;;;;;133.2;;;;;;;;;;;;;;132.0;;;;;;;;;;;;;;;130.8;;;;;;;;;;;;;;129.7;;;;;;;;;;;;;;128.6;;;;;;;;;;;;;;127.9;
jonny_narrow;warden;4;0.655;1.08;0.00425;127.9;;127.6;;127.8;;;128.5;;129.6;;130.9;;;132.4;;133.8;;135.2;;;136.3;;137.2;;137.8;;;138.0;;137.9;;137.5;;;136.9;;136.2;;;135.6;;135.0;;134.5;;;134.1;;133.8;;133.5;;;133.3;;133.0;;132.8;;;132.5;;132.1;;131.6;;;131.1;;130.5;;129.9;;;129.3;;;;;;;;;;;;;;;;;;;;;;;;
maddie_broad;found;2;0.345;0.585;0.0024;180.4;;;;178.3;;;;176.9;;;;175.9;;;;175.2;;;;174.6;;;;;174.0;;;;173.5;;;;172.8;;;;172.0;;;;170.9;;;;169.5;;;;;167.8;;;;165.9;;;;164.2;;;;162.7;;;;161.5;;;;160.7;;;;;160.1;;;;159.7;;;;159.4;;;;159.0;;;;158.6;;;;158.3;
maddie_broad;maddie;1;0;0.345;0.00345;;;;;;;;;171.8;;;173.8;;;178.3;;;183.4;;;188.7;;;193.6;;;198.0;;201.8;;;204.9;;;207.6;;;210.0;;;212.2;;;214.2;;;215.9;;;217.2;;;218.0;;;218.2;;217.8;;;216.7;;;215.0;;;212.8;;;210.5;;;208.0;;;205.5;;;203.1;;;200.5;;;197.7;;194.6;;;191.3;;;187.9;;;184.6;;;181.7;
maddie_broad;the;3;0.585;0.645;0.0006000000000000005;158.0;;;;;;;;;;;;;;;;157.9;;;;;;;;;;;;;;;;;157.9;;;;;;;;;;;;;;;;;158.1;;;;;;;;;;;;;;;;158.5;;;;;;;;;;;;;;;;;159.2;;;;;;;;;;;;;;;;160.2;
maddie_broad;tv;4;0.645;1.17;0.0052499999999999995;160.2;161.3;;162.6;;163.9;;165.2;;166.5;;167.7;;169.0;;170.2;;171.5;;172.7;173.7;;174.5;;174.9;;174.8;;174.2;;173.3;;172.2;;171.3;;170.7;;170.5;;170.6;171.1;;171.7;;172.5;;173.4;;174.2;;175.1;;175.8;;176.3;;176.5;;176.3;175.6;;174.4;;172.7;;170.6;;168.2;;165.5;;162.6;;159.8;;157.2;;154.9;;153.2;152.0;;151.3;;151.1;;151.2;;151.5;;151.7;;152.0;;;;;;
maddie_contrastive;found;2;0.385;0.645;0.0026;179.0;;;176.2;;;;174.4;;;;173.3;;;;172.6;;;;172.1;;;;171.7;;;171.1;;;;170.4;;;;169.3;;;;167.6;;;;165.4;;;;162.8;;;;160.0;;;157.1;;;;154.5;;;;152.3;;;;150.5;;;;149.0;;;;147.9;;;147.0;;;;146.5;;;;146.2;;;;146.1;;;;146.1;;;;;
maddie_contrastive;maddie;1;0;0.385;0.00385;;;;;;;;;;;180.7;;182.1;;;185.1;;;188.8;;192.8;;;196.9;;200.9;;;204.7;;;208.2;;211.5;;;214.4;;217.2;;;219.7;;;222.1;;224.3;;;226.3;;228.0;;;229.3;;;230.3;;230.7;;;230.6;;230.0;;;228.9;;;227.3;;225.4;;;223.2;;220.5;;;217.1;;;213.1;;208.2;;;202.6;;196.7;;;190.8;;;185.5;;181.0;
maddie_contrastive;the;3;0.645;0.705;0.0005999999999999994;;;;;;;;;;;;;;;;;;;;;;;;;;;;;;;;;;;;;;;;;;;;;;;;;;;;;;;;;;;;;;;;;;;;;;;;;;;;;;;;;;;;;
maddie_contrastive;tv;4;0.705;1.18;0.00475;;;;;;;;;;;;;;;;;;;;;;;;;;;;;;;;;;;;;;;;;;;;;;;;;;;;;;;;;;;;;;;;;;;;;;;;;;;;;;;;;;;;;;;;;;;;;;;;;;;;
maddie_given;found;2;0.325;0.565;0.0023999999999999994;171.5;;;;170.4;;;;169.5;;;;168.9;;;;168.4;;;;168.1;;;;;167.7;;;;167.2;;;;166.5;;;;165.6;;;;164.2;;;;162.3;;;;;160.1;;;;157.7;;;;155.2;;;;152.8;;;;150.8;;;;149.3;;;;;148.4;;;;148.1;;;;148.3;;;;148.9;;;;149.7;;;;150.6;
maddie_given;maddie;1;0;0.325;0.0032500000000000003;;;;;;;;;;;;;181.8;;;182.8;;;184.0;;;185.3;;;186.5;;;187.5;;;188.2;;;188.7;;;188.9;;;189.1;;;;189.2;;;189.3;;;189.4;;;189.4;;;189.3;;;189.1;;;188.6;;;187.7;;;186.7;;;185.4;;;184.1;;;182.7;;;;181.3;;;179.9;;;178.5;;;176.9;;;175.3;;;173.7;;;172.2;
maddie_given;the;3;0.565;0.625;0.0006000000000000005;151.4;;;;;;;;;;;;;;;;152.0;;;;;;;;;;;;;;;;;152.3;;;;;;;;;;;;;;;;;152.5;;;;;;;;;;;;;;;;152.5;;;;;;;;;;;;;;;;;152.4;;;;;;;;;;;;;;;;152.3;
maddie_given;tv;4;0.625;1.08;0.004550000000000001;152.3;;152.3;;152.3;;152.4;;152.5;;152.6;;;152.7;;152.9;;152.9;;152.9;;152.8;;;152.5;;152.0;;151.2;;150.2;;149.1;;;148.0;;147.0;;146.1;;145.4;;144.8;;;144.4;;143.9;;143.2;;142.0;;140.3;;;137.9;;134.9;;131.5;;128.0;;124.7;;;122.1;;120.4;;119.9;;120.6;;122.4;;;125.1;;128.1;;131.1;;133.7;;;;;;;;;;;;;;
maddie_narrow;found;2;0.295;0.525;0.0023000000000000004;175.9;;;;171.4;;;;167.4;;;;;163.8;;;;160.4;;;;157.2;;;;;154.0;;;;150.9;;;;147.7;;;;;144.6;;;;141.4;;;;138.2;;;;;135.1;;;;132.1;;;;129.5;;;;;127.7;;;;126.8;;;;126.9;;;;;127.8;;;;129.4;;;;131.2;;;;;132.9;;;;134.5;
maddie_narrow;maddie;1;0;0.295;0.00295;;;;;;;;;;;189.8;;;192.0;;;194.8;;;;198.0;;;201.3;;;;204.6;;;207.7;;;210.5;;;;213.1;;;215.2;;;;216.9;;;218.1;;;218.6;;;;218.5;;;217.8;;;;216.4;;;214.5;;;212.2;;;;209.6;;;206.9;;;203.9;;;;200.6;;;196.8;;;;192.6;;;187.9;;;183.0;;;;178.2;
maddie_narrow;the;3;0.525;0.585;0.0005999999999999994;135.7;;;;;;;;;;;;;;;;136.6;;;;;;;;;;;;;;;;;137.2;;;;;;;;;;;;;;;;;137.7;;;;;;;;;;;;;;;;137.9;;;;;;;;;;;;;;;;;138.1;
maddie_narrow;tv;4;0.585;1;0.00415;138.2;;138.2;;138.3;;;138.3;;138.4;;;138.4;;138.4;;138.4;;;138.5;;138.5;;;138.4;;138.3;;138.1;;;137.8;;137.4;;;136.8;;136.2;;135.6;;;134.9;;134.3;;;133.6;;132.9;;;132.0;;130.8;;129.1;;;127.0;;124.3;;;121.0;;117.2;;113.0;;;108.6;;104.3;;;100.3;;96.8;;94.0;;;91.9;;;;;;;;;;;;;;;
mary_broad;barrel;4;0.645;1.16;0.005149999999999999;157.2;158.8;;160.8;;162.9;;165.0;;167.1;;169.2;;171.3;;173.5;;175.9;;178.2;;180.6;;182.8;;184.9;;186.6;;188.0;;188.9;;189.4;189.2;;188.4;;186.8;;184.5;;181.6;;178.0;;173.9;;169.3;;164.4;;159.4;;154.5;;150.2;;146.6;;143.9;;;;;;;;;;;;;;;;;;;;;;;;;;;;;;;;;;;;;;;
mary_broad;mary;1;0;0.335;0.00335;;;;;;;;;;;;189.5;;;190.1;;;191.5;;;193.6;;;196.3;;;199.6;;;203.3;;;207.3;;;211.3;;;215.3;;;218.9;;;222.2;;;225.1;;;227.5;;;229.4;;;230.8;;;231.7;;;232.0;;;231.7;;;230.7;;;228.9;;;226.4;;;223.0;;;218.9;;;214.1;;;208.7;;;203.0;;;197.1;;;191.3;;;185.7;
mary_broad;rolled;2;0.335;0.575;0.0023999999999999994;182.9;;;;177.9;;;;173.4;;;;169.5;;;;166.3;;;;163.7;;;;;161.8;;;;160.3;;;;159.2;;;;158.4;;;;157.7;;;;157.0;;;;;156.3;;;;155.7;;;;155.2;;;;154.8;;;;154.5;;;;154.4;;;;;154.4;;;;154.5;;;;154.5;;;;154.5;;;;154.5;;;;154.5;
mary_broad;the;3;0.575;0.645;0.0007000000000000006;154.4;;;;;;;;;;;;;;154.4;;;;;;;;;;;;;;154.4;;;;;;;;;;;;;;154.5;;;;;;;;;;;;;;;154.7;;;;;;;;;;;;;;155.1;;;;;;;;;;;;;;155.9;;;;;;;;;;;;;;157.2;
mary_contrastive;barrel;4;0.715;1.1499;0.004349;132.0;;132.0;;132.1;;132.4;;;132.7;;133.2;;133.6;;;133.9;;134.2;;134.2;;134.0;;;133.3;;132.3;;131.0;;;129.3;;127.5;;125.5;;;123.3;;121.0;;118.6;;115.9;;;113.2;;110.4;;107.7;;;104.9;;102.0;;98.9;;;95.8;;92.7;;89.9;;87.5;;;85.6;;84.1;;83.0;;;82.2;;;;;;;;;;;;;;;;;;;;;
mary_contrastive;mary;1;0;0.385;0.00385;;;;;;;;;;;;;;;;175.1;;;177.1;;179.8;;;183.2;;187.1;;;191.3;;;195.7;;200.1;;;204.4;;208.6;;;212.8;;;216.9;;220.9;;;224.7;;228.4;;;231.8;;;234.7;;237.2;;;239.1;;240.4;;;241.0;;;241.0;;240.2;;;238.7;;236.4;;;233.3;;;229.5;;225.0;;;219.9;;214.2;;;208.0;;;201.5;;194.8;
mary_contrastive;rolled;2;0.385;0.645;0.0026;191.4;;;184.7;;;;178.1;;;;172.0;;;;166.5;;;;161.8;;;;157.8;;;154.6;;;;152.1;;;;150.1;;;;148.5;;;;147.0;;;;145.6;;;;144.2;;;142.7;;;;141.2;;;;139.6;;;;138.1;;;;136.7;;;;135.5;;;134.5;;;;133.8;;;;133.3;;;;133.1;;;;132.9;;;;132.8;
mary_contrastive;the;3;0.645;0.715;0.0006999999999999996;132.8;;;;;;;;;;;;;;132.8;;;;;;;;;;;;;;132.8;;;;;;;;;;;;;;132.7;;;;;;;;;;;;;;;132.5;;;;;;;;;;;;;;132.4;;;;;;;;;;;;;;132.2;
mary_given;barrel;4;0.555;0.93;0.00375;146.9;;146.0;;;145.4;;;145.1;;145.0;;;145.2;;;145.4;;145.6;;;145.8;;;145.6;;145.1;;;144.2;;;142.9;;141.2;;;139.1;;;136.8;;134.2;;;131.5;;;128.8;;126.2;;;124.1;;;;;;;;;;;;;;;;;;;;;;;;;;;;;;;;;;;;;;;;;;;;;;
mary_given;mary;1;0;0.255;0.00255;;;;;;;;;;;;;;;;;;;;;;;;185.4;;;;184.8;;;;184.1;;;;183.2;;;;182.3;;;;181.4;;;;180.5;;;179.7;;;;179.0;;;;178.3;;;;177.7;;;;177.1;;;;176.5;;;;175.8;;;;175.2;;;;174.4;;;;173.6;;;;172.7;;;;171.7;;;;170.7;
mary_given;rolled;2;0.255;0.485;0.0023;170.1;;;;169.0;;;;168.0;;;;;167.0;;;;166.2;;;;165.5;;;;;165.0;;;;164.7;;;;164.6;;;;;164.7;;;;164.7;;;;164.8;;;;;164.8;;;;164.7;;;;164.4;;;;;163.9;;;;163.1;;;;162.0;;;;;160.6;;;;159.0;;;;157.3;;;;;155.6;;;;154.0;
mary_given;the;3;0.485;0.555;0.0007000000000000006;152.7;;;;;;;;;;;;;;151.7;;;;;;;;;;;;;;150.9;;;;;;;;;;;;;;150.2;;;;;;;;;;;;;;;149.5;;;;;;;;;;;;;;148.7;;;;;;;;;;;;;;147.8;;;;;;;;;;;;;;146.9;
mary_narrow;barrel;4;0.675;1.0899;0.004149000000000001;151.5;;150.7;;150.0;;;149.6;;149.3;;;149.1;;148.9;;148.7;;;148.4;;147.8;;;146.9;;145.6;;144.0;;;142.1;;140.0;;;137.9;;135.8;;133.6;;;131.5;;129.3;;;127.1;;125.0;;;123.3;;122.1;;121.8;;;122.3;;123.5;;;125.4;;127.7;;130.0;;;132.2;;134.0;;;135.4;;136.5;;;;;;;;;;;;;;;;;;;;
mary_narrow;mary;1;0;0.425;0.00425;;;;;;;;;;;;182.5;;;184.8;;187.6;;190.6;;;193.6;;196.3;;198.7;;;200.7;;202.4;;203.7;;;204.8;;205.7;;;206.3;;206.8;;207.0;;;207.0;;206.8;;206.4;;;205.8;;205.1;;204.1;;;203.0;;201.8;;200.3;;;198.6;;196.7;;194.5;;;192.2;;189.8;;;187.2;;184.6;;182.0;;;179.5;;177.1;;174.9;;;173.0;;171.4;;169.9;
mary_narrow;rolled;2;0.425;0.595;0.0017;169.1;;;;;167.8;;;;;;166.4;;;;;;164.9;;;;;;163.5;;;;;;162.1;;;;;;160.8;;;;;;159.7;;;;;;158.7;;;;;158.0;;;;;;157.4;;;;;;156.9;;;;;;156.5;;;;;;156.3;;;;;;156.1;;;;;;155.9;;;;;;155.8;
mary_narrow;the;3;0.595;0.675;0.0008000000000000007;155.7;;;;;;;;;;;;155.6;;;;;;;;;;;;;155.5;;;;;;;;;;;;155.2;;;;;;;;;;;;;154.8;;;;;;;;;;;;154.2;;;;;;;;;;;;;153.4;;;;;;;;;;;;152.5;;;;;;;;;;;;151.5;